mint_runid,pihm-input,AQ_DEPTH,end-date,ET_ETP,ET_IC,ET_SOIL,ET_TR,GEOL_DMAC,GEOL_KMACSATH,GEOL_KSATH,GEOL_KSATV,GEOL_MACVF,GEOL_THETAR,GEOL_THETAS,IC_GW,IC_RIV,LC_ALBEDO,LC_DROOT,LC_IMPAF,LC_ISMAX,LC_ROUGH,LC_SOILDGD,LC_VEGFRAC,region-name,RIV_BEDTHICK,RIV_BSLOPE,RIV_CWR,RIV_DPTH,RIV_KH,RIV_ROUGH,RIV_SINU,RIV_WDTH,SOIL_ALPHA,SOIL_BETA,SOIL_DINF,SOIL_KINF,SOIL_KMACSATV,SOIL_MACHF,start-date,TS_LAI,TS_PRCP,TS_SFCTMP,pihm-output
aa91dc08829b36317451104de786a46c,https://data.mint.isi.edu/files/wings-dev/mint/mint-test/data/pihm-input-tekeze-dam-832df7185e048ad6fcad9aa6a3c82f8b.tgz,0,12/31/2018,0.8,1,1,1,1,1,1,1,1,1,1,0,0,1,1,1,1,1,1,1,tekeze-dam,1,0,1,0,1,1,1,0,1,1,1,1,1,1,1/1/2000,1,0.9,0,https://data.mint.isi.edu/files/local-execution/pihm-output-794ef480dbcdf03ac34baf3498e9f730
a16c1e3089427fc574938aab32317ffc,https://data.mint.isi.edu/files/wings-dev/mint/mint-test/data/pihm-input-tekeze-dam-832df7185e048ad6fcad9aa6a3c82f8b.tgz,0,12/31/2018,0.8,1,1,1,1,1,1,1,1,1,1,0,0,1,1,1,1,1,1,1,tekeze-dam,1,0,1,0,1,1,1,0,1,1,1,1,1,1,1/1/2000,1,1,0,https://data.mint.isi.edu/files/local-execution/pihm-output-539c5e9ce03160cf43481cf1cefadbd8
e76ae226802b1ef64c0f4e1c20d7df27,https://data.mint.isi.edu/files/wings-dev/mint/mint-test/data/pihm-input-tekeze-dam-832df7185e048ad6fcad9aa6a3c82f8b.tgz,0,12/31/2018,0.8,1,1,1,1,1,1,1,1,1,1,0,0,1,1,1,1,1,1,1,tekeze-dam,1,0,1,0,1,1,1,0,1,1,1,1,1,1,1/1/2000,1,1.1,0,https://data.mint.isi.edu/files/local-execution/pihm-output-0db645dfc6d4bbf0a800fc7e705661c6
9d1988d461b9d1f0f86dead229ba4242,https://data.mint.isi.edu/files/wings-dev/mint/mint-test/data/pihm-input-tekeze-dam-832df7185e048ad6fcad9aa6a3c82f8b.tgz,0,12/31/2018,1,1,1,1,1,1,1,1,1,1,1,0,0,1,1,1,1,1,1,1,tekeze-dam,1,0,1,0,1,1,1,0,1,1,1,1,1,1,1/1/2000,1,0.9,0,https://data.mint.isi.edu/files/local-execution/pihm-output-bddff7e69e9c6f4954406efcb3299134
a538d6f314bd4c2c89e04d56a4c51342,https://data.mint.isi.edu/files/wings-dev/mint/mint-test/data/pihm-input-tekeze-dam-832df7185e048ad6fcad9aa6a3c82f8b.tgz,0,12/31/2018,1,1,1,1,1,1,1,1,1,1,1,0,0,1,1,1,1,1,1,1,tekeze-dam,1,0,1,0,1,1,1,0,1,1,1,1,1,1,1/1/2000,1,1,0,https://data.mint.isi.edu/files/local-execution/pihm-output-911a2bf8924062717b5d738401d4df25
aa225512ff90834faae1f32a8ad6b28d,https://data.mint.isi.edu/files/wings-dev/mint/mint-test/data/pihm-input-tekeze-dam-832df7185e048ad6fcad9aa6a3c82f8b.tgz,0,12/31/2018,1,1,1,1,1,1,1,1,1,1,1,0,0,1,1,1,1,1,1,1,tekeze-dam,1,0,1,0,1,1,1,0,1,1,1,1,1,1,1/1/2000,1,1.1,0,https://data.mint.isi.edu/files/local-execution/pihm-output-c7548e61292667f8eb48d396f65d3293
ecdb1f7ea040f18b435f8fc60b9082d6,https://data.mint.isi.edu/files/wings-dev/mint/mint-test/data/pihm-input-tekeze-dam-832df7185e048ad6fcad9aa6a3c82f8b.tgz,0,12/31/2018,1.2,1,1,1,1,1,1,1,1,1,1,0,0,1,1,1,1,1,1,1,tekeze-dam,1,0,1,0,1,1,1,0,1,1,1,1,1,1,1/1/2000,1,0.9,0,https://data.mint.isi.edu/files/local-execution/pihm-output-976268e144289fba137c9d6c620d97ee
3f65377d299b5b8fbcf1babb22f9b992,https://data.mint.isi.edu/files/wings-dev/mint/mint-test/data/pihm-input-tekeze-dam-832df7185e048ad6fcad9aa6a3c82f8b.tgz,0,12/31/2018,1.2,1,1,1,1,1,1,1,1,1,1,0,0,1,1,1,1,1,1,1,tekeze-dam,1,0,1,0,1,1,1,0,1,1,1,1,1,1,1/1/2000,1,1,0,https://data.mint.isi.edu/files/local-execution/pihm-output-51f63960269e81b0b8ebeff24acae8f0
9d3c711701247fc19e242e8c4c6d376b,https://data.mint.isi.edu/files/wings-dev/mint/mint-test/data/pihm-input-tekeze-dam-832df7185e048ad6fcad9aa6a3c82f8b.tgz,0,12/31/2018,1.2,1,1,1,1,1,1,1,1,1,1,0,0,1,1,1,1,1,1,1,tekeze-dam,1,0,1,0,1,1,1,0,1,1,1,1,1,1,1/1/2000,1,1.1,0,https://data.mint.isi.edu/files/local-execution/pihm-output-5baa02e1509777d0d7b5447e9ea82ab3
